step,value,wall_time
1500,375.2057189941406,1729279792.0707786
2000,375.2057189941406,1729279826.6135612
2500,375.2057189941406,1729279860.1956842
3000,375.2057189941406,1729279895.272096
3500,375.2057189941406,1729279929.1814904
4000,626.8596801757812,1729279967.954127
4500,626.8596801757812,1729280002.4668312
5000,626.8596801757812,1729280038.597021
5500,626.8596801757812,1729280073.5897436
6000,626.8596801757812,1729280107.4057932
6500,626.8596801757812,1729280144.0051792
7000,626.8596801757812,1729280181.026238
7500,626.8596801757812,1729280214.4212775
8000,626.8596801757812,1729280250.9737313
8500,626.8596801757812,1729280283.8292897
9000,626.8596801757812,1729280316.2952888
9500,1008.9953002929688,1729280349.5076387
10000,801.2199096679688,1729280381.9566395
10500,801.2199096679688,1729280413.9856386
11000,694.1493530273438,1729280446.1016395
11500,621.9776000976562,1729280478.182639
12000,621.9776000976562,1729280511.1727426
12500,621.9776000976562,1729280543.5797448
13000,592.6170043945312,1729280576.1817427
13500,539.2064208984375,1729280609.020826
14000,539.2064208984375,1729280641.1898856
14500,518.2391357421875,1729280675.7319224
15000,518.2391357421875,1729280708.0529263
15500,518.2391357421875,1729280740.2789228
16000,518.2391357421875,1729280772.3679235
16500,518.2391357421875,1729280804.5479224
17000,549.4507446289062,1729280836.9029224
17500,549.4507446289062,1729280869.0309243
18000,537.0599365234375,1729280901.2609234
18500,537.0599365234375,1729280933.346922
19000,537.0599365234375,1729280965.4229233
19500,537.0599365234375,1729280997.562923
20000,537.0599365234375,1729281029.4069226
20500,519.51123046875,1729281061.757924
21000,519.51123046875,1729281093.7989235
21500,519.51123046875,1729281125.5049238
22000,507.7687072753906,1729281157.8529232
22500,507.7687072753906,1729281190.172924
23000,507.7687072753906,1729281222.5719228
23500,506.2174987792969,1729281254.9109416
24000,485.3857116699219,1729281287.4269416
24500,472.47430419921875,1729281320.0089421
25000,472.47430419921875,1729281352.271943
25500,461.49951171875,1729281384.880944
26000,446.6097717285156,1729281417.2799418
26500,446.6097717285156,1729281449.6809425
27000,440.7160949707031,1729281481.9819424
27500,440.7160949707031,1729281514.3419418
28000,434.63775634765625,1729281546.7249439
28500,422.8221435546875,1729281579.281944
29000,412.3021545410156,1729281611.6269422
29500,412.3021545410156,1729281643.9339423
30000,412.3021545410156,1729281676.256942
30500,412.3021545410156,1729281708.6039436
31000,412.3021545410156,1729281741.1039417
31500,412.3021545410156,1729281773.3999438
32000,412.3021545410156,1729281805.9919422
32500,441.9477844238281,1729281838.4969418
33000,431.6694030761719,1729281870.8839421
33500,431.6694030761719,1729281903.010942
34000,431.6694030761719,1729281935.247943
34500,431.6694030761719,1729281967.6259415
35000,431.6694030761719,1729282000.3519413
35500,431.6694030761719,1729282034.1259725
36000,431.6694030761719,1729282070.2555375
36500,431.6694030761719,1729282107.1005983
37000,431.6694030761719,1729282142.930597
37500,474.6731872558594,1729282180.9482217
38000,474.6731872558594,1729282223.294275
38500,474.6731872558594,1729282258.0282772
39000,474.6731872558594,1729282299.9643824
39500,474.6731872558594,1729282335.1563823
40000,474.6731872558594,1729282370.932374
40500,493.91204833984375,1729282408.191881
41000,493.91204833984375,1729282443.2746284
41500,485.7676086425781,1729282478.2897763
42000,475.0353698730469,1729282513.2871044
42500,475.0353698730469,1729282548.0828905
43000,472.7544860839844,1729282583.4948754
43500,472.7544860839844,1729282619.0616584
44000,472.7544860839844,1729282654.000725
44500,472.7544860839844,1729282689.9076095
45000,472.7544860839844,1729282725.778904
45500,472.7544860839844,1729282760.974796
46000,487.9302673339844,1729282796.503663
46500,487.9302673339844,1729282831.7557225
47000,487.9302673339844,1729282866.8238451
47500,487.9302673339844,1729282901.9900048
48000,487.9302673339844,1729282937.1299314
48500,487.9302673339844,1729282972.2741556
49000,504.0282897949219,1729283008.1333804
49500,495.56982421875,1729283043.9917946
50000,485.8833923339844,1729283079.5003443
50500,485.8833923339844,1729283115.2766566
51000,485.8833923339844,1729283150.7428143
51500,486.9148864746094,1729283186.0104704
52000,486.9148864746094,1729283221.85383
52500,486.9148864746094,1729283257.2706027
53000,486.9148864746094,1729283292.2425008
53500,486.9148864746094,1729283327.5138643
54000,486.9148864746094,1729283363.145631
54500,486.9148864746094,1729283399.2878008
55000,501.48541259765625,1729283434.650806
55500,501.48541259765625,1729283469.5836709
56000,497.61163330078125,1729283505.4126427
56500,491.6091003417969,1729283540.7293015
57000,483.5526428222656,1729283576.4207296
57500,483.5526428222656,1729283611.63609
58000,483.5526428222656,1729283646.758034
58500,480.20684814453125,1729283681.9007692
59000,475.01483154296875,1729283717.5647702
59500,475.01483154296875,1729283752.1995907
60000,469.9787902832031,1729283787.5098512
60500,469.9787902832031,1729283823.1486194
61000,469.9787902832031,1729283859.6779342
61500,469.9787902832031,1729283895.3010228
62000,469.9787902832031,1729283930.7079685
62500,469.9787902832031,1729283967.0092268
63000,469.9787902832031,1729284003.340326
63500,486.91046142578125,1729284040.3190534
64000,486.91046142578125,1729284075.9336395
64500,481.7796936035156,1729284111.8938396
65000,481.7796936035156,1729284148.227784
65500,481.7796936035156,1729284183.704059
66000,482.90936279296875,1729284219.469779
66500,482.90936279296875,1729284254.8776958
67000,482.90936279296875,1729284290.59792
67500,482.35418701171875,1729284326.7609413
68000,482.35418701171875,1729284365.5509121
68500,482.35418701171875,1729284404.0065775
69000,482.35418701171875,1729284442.638628
69500,482.35418701171875,1729284481.367876
70000,491.6606750488281,1729284518.9318354
70500,491.6606750488281,1729284556.665883
71000,491.6606750488281,1729284597.3688626
71500,491.6606750488281,1729284637.179024
72000,491.6606750488281,1729284678.7989695
72500,491.6606750488281,1729284720.3738682
73000,502.1286315917969,1729284761.741666
73500,502.1286315917969,1729284803.241663
74000,502.1286315917969,1729284844.6285672
74500,502.75079345703125,1729284886.603194
75000,502.75079345703125,1729284921.3577433
75500,502.75079345703125,1729284955.559686
76000,502.75079345703125,1729284989.204952
76500,502.75079345703125,1729285022.4160986
77000,502.75079345703125,1729285060.9276485
77500,512.727783203125,1729285099.599821
78000,512.727783203125,1729285133.4013665
78500,512.727783203125,1729285166.7899492
79000,509.9969787597656,1729285200.2070355
79500,504.4522705078125,1729285234.5947149
80000,504.4522705078125,1729285267.7927406
80500,502.8011779785156,1729285301.3589268
81000,496.70587158203125,1729285334.8961053
81500,496.70587158203125,1729285368.1537316
82000,496.70587158203125,1729285401.327306
82500,496.70587158203125,1729285434.4258716
83000,496.70587158203125,1729285467.5268705
83500,496.70587158203125,1729285500.6708915
84000,503.0476379394531,1729285534.0577228
84500,503.0476379394531,1729285567.216725
85000,503.0476379394531,1729285601.578375
85500,503.0476379394531,1729285635.3017824
86000,503.0476379394531,1729285671.4517043
86500,510.29119873046875,1729285704.8729599
87000,504.4245300292969,1729285739.1437578
87500,498.82269287109375,1729285772.1989925
88000,498.82269287109375,1729285805.4671507
88500,498.82269287109375,1729285838.4076796
89000,498.82269287109375,1729285871.3627205
89500,498.82269287109375,1729285904.3947656
90000,498.82269287109375,1729285937.3198037
90500,507.81561279296875,1729285970.769999
91000,507.81561279296875,1729286003.3127065
91500,503.77197265625,1729286036.2952175
92000,498.47509765625,1729286069.1082184
92500,498.47509765625,1729286101.6042166
93000,496.309326171875,1729286134.497217
93500,496.309326171875,1729286167.3959198
94000,492.7378845214844,1729286201.1166675
94500,492.7378845214844,1729286234.0562494
95000,490.7728271484375,1729286266.8847604
95500,485.9928894042969,1729286299.914779
96000,485.9928894042969,1729286332.9469678
96500,483.6933898925781,1729286366.1465564
97000,480.0699157714844,1729286399.2691078
97500,480.0699157714844,1729286432.2207637
98000,476.369384765625,1729286465.2179525
98500,473.46881103515625,1729286498.487692
99000,473.46881103515625,1729286531.3802338
99500,471.7138977050781,1729286564.5378294
100000,471.7138977050781,1729286597.5219462
100500,471.7138977050781,1729286630.6566563
101000,471.43951416015625,1729286663.7557826
101500,471.43951416015625,1729286698.4398444
102000,469.94879150390625,1729286734.5462217
102500,465.8411560058594,1729286768.0083337
103000,465.8411560058594,1729286801.8295488
103500,465.8411560058594,1729286835.2376542
104000,465.8411560058594,1729286868.4797773
104500,466.1437072753906,1729286901.8158023
105000,466.1437072753906,1729286934.8804815
105500,465.40185546875,1729286967.9405634
106000,465.40185546875,1729287000.955671
106500,464.17431640625,1729287034.1567476
107000,464.17431640625,1729287067.155773
107500,464.17431640625,1729287100.413989
108000,464.7487487792969,1729287133.7401114
108500,460.9710998535156,1729287166.8456657
109000,460.9710998535156,1729287199.9447095
109500,460.9710998535156,1729287233.1418161
110000,460.9710998535156,1729287266.214855
110500,460.9710998535156,1729287299.375037
111000,460.9710998535156,1729287333.2007368
111500,460.9710998535156,1729287366.4088845
112000,468.6634826660156,1729287399.8039703
112500,468.6634826660156,1729287432.731004
113000,467.03265380859375,1729287465.699003
113500,464.5519104003906,1729287499.96466
114000,464.5519104003906,1729287536.0955756
114500,464.5519104003906,1729287569.855575
115000,464.5519104003906,1729287603.0225775
115500,464.5519104003906,1729287637.8957615
116000,464.5519104003906,1729287672.30064
116500,470.0469665527344,1729287705.9426413
117000,466.4709167480469,1729287740.150806
117500,462.51702880859375,1729287772.9048076
118000,462.51702880859375,1729287805.0038052
118500,461.47314453125,1729287837.2408054
119000,459.2725524902344,1729287869.5433145
119500,459.2725524902344,1729287901.8303142
120000,459.2725524902344,1729287934.5623138
120500,458.2314147949219,1729287967.007754
121000,458.2314147949219,1729288000.5029116
121500,458.2314147949219,1729288034.5420754
122000,458.2314147949219,1729288070.348074
122500,458.2314147949219,1729288104.8158236
123000,458.2314147949219,1729288138.4698265
123500,458.2314147949219,1729288172.6828244
124000,458.2314147949219,1729288206.0058475
124500,469.8105163574219,1729288241.889719
125000,469.8105163574219,1729288275.8237193
125500,469.8105163574219,1729288309.0287197
126000,469.8105163574219,1729288341.3757188
126500,470.7128601074219,1729288373.551722
127000,470.7128601074219,1729288405.501719
127500,470.7128601074219,1729288437.421719
128000,470.7128601074219,1729288469.9047194
128500,470.7128601074219,1729288504.1307473
129000,474.9022216796875,1729288538.4159646
129500,474.9022216796875,1729288570.566968
130000,474.9022216796875,1729288603.212993
130500,474.9022216796875,1729288636.481506
131000,474.9022216796875,1729288669.3095064
131500,474.9022216796875,1729288701.5615063
132000,481.75372314453125,1729288733.446506
132500,478.4154968261719,1729288765.2645059
133000,475.19610595703125,1729288796.879506
133500,475.19610595703125,1729288828.492506
134000,475.19610595703125,1729288859.9865072
134500,475.19610595703125,1729288892.4495065
135000,475.19610595703125,1729288926.9497018
135500,475.19610595703125,1729288962.0247004
136000,480.33721923828125,1729288997.1497006
136500,480.33721923828125,1729289033.3412116
137000,480.33721923828125,1729289067.961157
137500,480.33721923828125,1729289102.029157
138000,480.33721923828125,1729289136.3891597
138500,480.33721923828125,1729289171.8292274
139000,481.16387939453125,1729289207.7247918
139500,477.99798583984375,1729289242.9037914
140000,477.99798583984375,1729289278.3191416
140500,476.8904724121094,1729289313.8851392
141000,476.8904724121094,1729289349.9091392
141500,476.8904724121094,1729289384.3486772
142000,475.62408447265625,1729289418.892677
142500,472.6459045410156,1729289454.7186973
143000,470.6495361328125,1729289490.3557262
143500,463.5655822753906,1729289521.820725
144000,448.4918518066406,1729289553.3937247
144500,448.4918518066406,1729289585.2457254
145000,448.4918518066406,1729289616.695725
145500,448.4918518066406,1729289648.4257252
146000,448.4918518066406,1729289680.0037248
146500,448.4918518066406,1729289711.636726
147000,456.26739501953125,1729289743.269725
147500,456.24859619140625,1729289774.9067247
148000,456.24859619140625,1729289806.537725
148500,455.3837890625,1729289838.1987245
149000,455.3837890625,1729289869.817725
149500,455.3837890625,1729289901.2117257
150000,455.3837890625,1729289932.8827245
150500,455.3837890625,1729289964.3927248
151000,459.4980773925781,1729289995.9537249
151500,459.4980773925781,1729290027.2877252
152000,459.4980773925781,1729290058.8737247
152500,459.4980773925781,1729290090.4087253
153000,459.4980773925781,1729290122.005725
153500,459.4980773925781,1729290153.5277245
154000,459.4980773925781,1729290185.1627243
154500,459.4980773925781,1729290220.2307425
155000,459.4980773925781,1729290254.8647566
155500,459.4980773925781,1729290291.1637614
156000,459.4980773925781,1729290327.3118296
156500,459.4980773925781,1729290362.589831
157000,459.4980773925781,1729290399.5578325
157500,480.5516662597656,1729290436.377852
158000,480.5516662597656,1729290472.1168537
158500,480.5516662597656,1729290508.8428557
159000,480.5516662597656,1729290544.205903
159500,480.5516662597656,1729290580.903917
160000,480.5516662597656,1729290616.5279014
160500,480.5516662597656,1729290651.8979292
161000,488.8126525878906,1729290688.2114904
161500,488.8126525878906,1729290724.0140028
162000,488.8126525878906,1729290762.0133336
162500,488.8126525878906,1729290800.4432313
163000,485.4278564453125,1729290838.4392312
163500,485.4278564453125,1729290875.9652328
164000,485.4278564453125,1729290912.3782313
164500,485.4278564453125,1729290948.7092307
165000,485.4278564453125,1729290984.4362319
165500,485.4278564453125,1729291020.3072343
166000,491.5863342285156,1729291057.453326
166500,491.5863342285156,1729291093.512324
167000,491.5863342285156,1729291128.521324
167500,491.5863342285156,1729291164.2003255
168000,491.5863342285156,1729291200.8083248
168500,491.5863342285156,1729291236.795327
169000,491.5863342285156,1729291273.1203241
169500,494.9061279296875,1729291311.0974967
170000,494.9061279296875,1729291349.0184734
170500,494.9061279296875,1729291387.6004937
171000,499.2868347167969,1729291426.887956
171500,497.5165710449219,1729291465.034481
172000,497.5165710449219,1729291502.9254794
172500,497.5165710449219,1729291541.4884794
173000,497.5165710449219,1729291579.1324785
173500,497.5165710449219,1729291616.7874799
174000,501.9096984863281,1729291652.63269
174500,501.9096984863281,1729291685.9196892
175000,501.9096984863281,1729291719.1346908
175500,501.9096984863281,1729291752.2476897
176000,501.9096984863281,1729291785.6692195
176500,501.9096984863281,1729291819.4112196
177000,509.4022521972656,1729291853.3582203
177500,509.4022521972656,1729291887.4402206
178000,509.4022521972656,1729291920.631222
178500,509.4022521972656,1729291953.9432218
179000,509.4022521972656,1729291991.5222228
179500,509.4022521972656,1729292029.3282459
180000,515.9689331054688,1729292063.0272448
180500,515.0023803710938,1729292097.148865
181000,515.0023803710938,1729292132.0605726
181500,515.0023803710938,1729292165.9325726
182000,515.0023803710938,1729292201.9410844
182500,515.0023803710938,1729292235.7310853
183000,522.6503295898438,1729292273.3922923
183500,522.6503295898438,1729292308.5178022
184000,521.7781372070312,1729292342.2767766
184500,520.4141235351562,1729292375.4482882
185000,520.4141235351562,1729292409.9202883
185500,521.852783203125,1729292443.2112894
186000,521.7450561523438,1729292477.5838063
186500,521.7450561523438,1729292517.1408424
187000,513.6695556640625,1729292550.694841
187500,513.6695556640625,1729292587.0248427
188000,515.4190063476562,1729292621.1518412
188500,501.6666564941406,1729292655.079843
189000,501.6666564941406,1729292688.7568405
189500,501.6666564941406,1729292722.3508406
190000,501.6666564941406,1729292756.4738448
190500,501.6666564941406,1729292791.588877
191000,501.6666564941406,1729292830.4789023
191500,501.6666564941406,1729292868.419903
192000,501.6666564941406,1729292906.720929
192500,501.6666564941406,1729292943.0769985
193000,501.6666564941406,1729292977.1139984
193500,508.81201171875,1729293010.9839976
194000,508.81201171875,1729293044.587998
194500,508.81201171875,1729293078.3370004
195000,509.8411560058594,1729293112.3969984
195500,510.53765869140625,1729293147.2040007
196000,510.53765869140625,1729293181.7379982
196500,509.22113037109375,1729293215.7149994
197000,501.531494140625,1729293249.2039988
197500,501.531494140625,1729293282.8429997
198000,496.10943603515625,1729293316.6959984
198500,495.6601867675781,1729293350.3909986
199000,495.6601867675781,1729293384.3379982
199500,496.7931823730469,1729293418.313999
200000,496.7931823730469,1729293452.540999
200500,496.7931823730469,1729293486.8359985
201000,496.7931823730469,1729293521.2150002
201500,496.7931823730469,1729293555.1119993
202000,496.7931823730469,1729293589.0219982
202500,501.9342346191406,1729293623.1659987
203000,493.618408203125,1729293657.426
203500,493.618408203125,1729293691.0879977
204000,493.618408203125,1729293724.9020002
204500,493.618408203125,1729293758.6739998
205000,493.618408203125,1729293793.3468668
205500,493.618408203125,1729293827.1658661
206000,493.618408203125,1729293861.080893
206500,493.618408203125,1729293894.8278954
207000,493.618408203125,1729293929.329894
207500,493.618408203125,1729293962.7988942
208000,493.618408203125,1729293997.276921
208500,506.953857421875,1729294031.49496
209000,506.953857421875,1729294065.3739605
209500,506.953857421875,1729294099.2759595
210000,506.953857421875,1729294133.5179622
210500,506.953857421875,1729294168.2779605
211000,512.52392578125,1729294202.207961
211500,512.52392578125,1729294236.1289604
212000,512.52392578125,1729294270.1289613
212500,515.956298828125,1729294303.9279618
213000,515.956298828125,1729294337.7749603
213500,515.6446533203125,1729294371.3009617
214000,515.6446533203125,1729294405.431962
214500,517.56103515625,1729294440.3039618
215000,515.74169921875,1729294474.8309598
215500,505.5565185546875,1729294508.2719605
216000,505.5565185546875,1729294542.491961
216500,505.6232604980469,1729294576.5719607
217000,502.0023498535156,1729294610.34896
217500,500.05072021484375,1729294643.8339624
218000,492.6168518066406,1729294678.247964
218500,492.6168518066406,1729294711.8659606
219000,486.069091796875,1729294746.2209606
219500,482.4921875,1729294781.0879622
220000,482.4921875,1729294814.5529618
220500,482.4921875,1729294848.4489617
221000,482.4921875,1729294882.4779615
221500,482.4921875,1729294917.1639614
222000,482.4921875,1729294950.8929617
222500,482.4921875,1729294984.35296
223000,483.4600830078125,1729295018.4719598
223500,482.4005432128906,1729295052.2899625
224000,482.4005432128906,1729295086.3779616
224500,482.4005432128906,1729295120.2409623
225000,482.4005432128906,1729295153.8819616
225500,482.4005432128906,1729295188.6439605
226000,482.4005432128906,1729295222.10896
226500,482.4005432128906,1729295256.3519619
227000,482.4005432128906,1729295290.9119604
227500,482.4005432128906,1729295325.2509604
228000,482.4005432128906,1729295359.43696
228500,496.994873046875,1729295393.4065385
229000,496.994873046875,1729295428.4585397
229500,496.994873046875,1729295462.1215394
230000,497.2641906738281,1729295496.1915386
230500,497.2641906738281,1729295529.7735379
231000,497.2641906738281,1729295572.3611429
231500,497.2641906738281,1729295608.8421636
232000,497.2641906738281,1729295643.775163
232500,497.2641906738281,1729295678.1356957
233000,497.2641906738281,1729295713.5628066
233500,497.2641906738281,1729295745.360804
234000,497.2641906738281,1729295776.9988065
234500,510.7121276855469,1729295808.9238052
235000,510.7121276855469,1729295840.5978043
235500,505.3907470703125,1729295872.2478049
236000,505.3907470703125,1729295903.8578043
236500,499.05316162109375,1729295935.5708053
237000,499.05316162109375,1729295967.9678056
237500,499.05316162109375,1729295999.6358063
238000,499.05316162109375,1729296031.3318048
238500,499.05316162109375,1729296062.9178045
239000,506.76898193359375,1729296094.6608064
239500,506.7745361328125,1729296126.4088042
240000,506.7745361328125,1729296157.888805
240500,499.1480712890625,1729296189.7118065
241000,499.1480712890625,1729296221.3518054
241500,500.151123046875,1729296253.0388064
242000,500.151123046875,1729296284.6848042
242500,500.151123046875,1729296316.2818043
243000,500.151123046875,1729296348.0438063
243500,500.151123046875,1729296379.6498072
244000,506.5911865234375,1729296411.4378042
244500,506.5911865234375,1729296442.993807
245000,506.5911865234375,1729296474.5488064
245500,507.6326599121094,1729296506.3508048
246000,505.7230224609375,1729296538.0328064
246500,503.81549072265625,1729296569.771804
247000,504.6368103027344,1729296601.4438064
247500,504.6368103027344,1729296632.996804
248000,504.6368103027344,1729296664.6288068
248500,504.6368103027344,1729296696.3168044
249000,504.6368103027344,1729296728.0098045
249500,504.6368103027344,1729296759.5998049
250000,510.73858642578125,1729296791.3218067
250500,510.1245422363281,1729296823.0348063
251000,510.1245422363281,1729296854.5818057
251500,510.1245422363281,1729296886.2888064
252000,510.1245422363281,1729296917.9088051
252500,510.1245422363281,1729296949.6548057
253000,510.1245422363281,1729296981.2398047
253500,518.13037109375,1729297013.163807
254000,518.13037109375,1729297044.6838048
254500,518.13037109375,1729297076.2348053
255000,519.403076171875,1729297108.083805
255500,519.403076171875,1729297140.5468066
256000,519.403076171875,1729297172.7958043
256500,521.234619140625,1729297204.827805
257000,521.234619140625,1729297236.7168064
257500,521.234619140625,1729297268.3608065
258000,521.234619140625,1729297299.9808064
258500,521.234619140625,1729297331.6688063
259000,521.234619140625,1729297363.2358067
259500,521.234619140625,1729297394.9648046
260000,521.234619140625,1729297426.6218064
260500,521.234619140625,1729297458.198807
261000,521.234619140625,1729297489.8828063
261500,533.7988891601562,1729297521.7868042
262000,533.7988891601562,1729297553.3678045
262500,532.8187866210938,1729297585.0738049
263000,532.8187866210938,1729297616.6418056
263500,534.6392822265625,1729297648.5298045
264000,534.6392822265625,1729297680.0558045
264500,534.6392822265625,1729297711.638807
265000,534.6392822265625,1729297743.1758065
265500,534.6392822265625,1729297774.8558047
266000,538.3351440429688,1729297806.5648046
266500,538.3351440429688,1729297838.1638048
267000,538.3351440429688,1729297869.6888068
267500,538.3351440429688,1729297901.358805
268000,538.3351440429688,1729297933.0518053
268500,538.3351440429688,1729297964.6008065
269000,543.4679565429688,1729297996.4188066
269500,543.4679565429688,1729298027.9688058
270000,543.4679565429688,1729298059.5948062
270500,543.4679565429688,1729298091.1528068
271000,543.4679565429688,1729298122.923805
271500,543.4679565429688,1729298154.5498073
272000,543.4679565429688,1729298186.0848064
272500,551.6786499023438,1729298218.0268044
273000,551.6786499023438,1729298249.5338051
273500,551.6786499023438,1729298281.1758065
274000,551.6786499023438,1729298312.737804
274500,551.6786499023438,1729298344.3978062
275000,551.6786499023438,1729298376.0228066
275500,551.6786499023438,1729298407.6318064
276000,551.6786499023438,1729298439.2768047
276500,551.6786499023438,1729298470.7968066
277000,551.6786499023438,1729298502.4868066
277500,562.548583984375,1729298534.2798045
278000,562.6286010742188,1729298565.9258046
278500,554.6530151367188,1729298597.7298067
279000,554.6530151367188,1729298629.3008063
279500,554.4566650390625,1729298661.1058064
280000,553.5841064453125,1729298692.7688065
280500,553.5841064453125,1729298724.4188063
281000,547.7588500976562,1729298756.1098049
281500,547.7588500976562,1729298787.7798064
282000,547.7588500976562,1729298819.3228056
282500,549.5452270507812,1729298851.1368065
283000,549.5452270507812,1729298882.662805
283500,551.8002319335938,1729298914.3678095
284000,550.4551391601562,1729298946.1668065
284500,550.4551391601562,1729298977.6898067
285000,550.86767578125,1729299009.4788067
285500,550.86767578125,1729299040.9898047
286000,550.86767578125,1729299072.5638063
286500,550.86767578125,1729299104.2748046
287000,550.86767578125,1729299135.8538063
287500,550.86767578125,1729299167.5188065
288000,556.3580932617188,1729299199.1468048
288500,556.3580932617188,1729299230.8458047
289000,556.3580932617188,1729299262.4468043
289500,556.3580932617188,1729299294.099805
290000,556.3580932617188,1729299325.7268066
290500,556.3580932617188,1729299357.4338043
291000,556.3580932617188,1729299389.0148063
291500,556.3580932617188,1729299420.6748066
292000,556.3580932617188,1729299452.2588062
292500,556.3580932617188,1729299484.0108047
293000,553.775390625,1729299516.0928063
293500,553.775390625,1729299547.689804
294000,553.775390625,1729299579.3028069
294500,553.775390625,1729299611.001804
295000,553.775390625,1729299642.5898046
295500,552.7710571289062,1729299674.4158068
296000,552.7710571289062,1729299705.9358065
296500,545.2651977539062,1729299737.701805
297000,545.2651977539062,1729299769.242804
297500,545.2651977539062,1729299800.8758068
298000,548.5313720703125,1729299832.6678064
298500,548.5313720703125,1729299864.1578064
299000,548.5313720703125,1729299895.806806
299500,548.5313720703125,1729299927.4288044
300000,548.5313720703125,1729299959.120807
300500,548.5313720703125,1729299990.7648065
301000,555.8814086914062,1729300022.4648066
301500,549.05908203125,1729300054.2438076
302000,549.05908203125,1729300085.7418063
302500,549.05908203125,1729300117.379805
303000,549.05908203125,1729300148.9528065
303500,549.05908203125,1729300180.6598063
304000,547.7791748046875,1729300212.457805
304500,547.7791748046875,1729300243.9918048
305000,547.7791748046875,1729300275.6638062
305500,547.7791748046875,1729300307.2258039
306000,547.7791748046875,1729300338.8988063
306500,547.7791748046875,1729300370.5568063
307000,547.7791748046875,1729300402.229804
307500,558.94384765625,1729300434.0608046
308000,558.94384765625,1729300465.5388067
308500,559.4198608398438,1729300497.2948072
309000,557.47216796875,1729300529.0088046
309500,555.4392700195312,1729300560.7508068
310000,555.4392700195312,1729300592.2418063
310500,555.4392700195312,1729300623.7388043
311000,555.4392700195312,1729300655.4188066
311500,555.4392700195312,1729300686.9778042
312000,555.4392700195312,1729300718.6028063
312500,563.8702392578125,1729300750.3468056
313000,563.8702392578125,1729300782.0258043
313500,565.8519287109375,1729300813.7318063
314000,565.8519287109375,1729300845.3628063
314500,565.8519287109375,1729300876.9548066
315000,565.8519287109375,1729300908.6468043
315500,565.8519287109375,1729300940.1848063
316000,565.8519287109375,1729300971.7398064
316500,574.3886108398438,1729301003.663805
317000,574.3886108398438,1729301035.1508064
317500,574.3886108398438,1729301066.7798052
318000,574.3886108398438,1729301098.3078067
318500,574.3886108398438,1729301130.0048053
319000,574.3886108398438,1729301161.6018066
319500,580.8444213867188,1729301193.2958062
320000,573.9485473632812,1729301225.0818043
320500,573.1146850585938,1729301256.7558064
321000,573.1146850585938,1729301288.3768048
321500,573.1146850585938,1729301319.9148042
322000,576.4851684570312,1729301351.7098064
322500,576.4851684570312,1729301383.261806
323000,571.5281372070312,1729301415.0828063
323500,550.4745483398438,1729301446.7278066
324000,550.4745483398438,1729301478.2128067
324500,550.4745483398438,1729301509.8448057
325000,550.4745483398438,1729301541.3608046
325500,550.4745483398438,1729301573.0078068
326000,550.4745483398438,1729301604.5618067
326500,548.1329345703125,1729301636.3838067
327000,548.1329345703125,1729301667.8648043
327500,548.1329345703125,1729301699.380804
328000,548.1329345703125,1729301731.0998065
328500,548.1329345703125,1729301762.7108066
329000,552.4264526367188,1729301794.5018063
329500,552.4264526367188,1729301825.984807
330000,552.4264526367188,1729301857.6218064
330500,552.4264526367188,1729301889.1868043
331000,552.4264526367188,1729301920.7628043
331500,552.4264526367188,1729301952.4728045
332000,552.4264526367188,1729301984.058806
332500,552.4265747070312,1729302015.9288042
333000,552.4265747070312,1729302047.4848065
333500,552.4265747070312,1729302079.1468046
334000,552.4265747070312,1729302110.7858052
334500,552.4265747070312,1729302142.4568064
335000,552.4265747070312,1729302174.0378048
335500,551.5036010742188,1729302205.8608067
336000,551.5036010742188,1729302237.5018063
336500,551.5036010742188,1729302269.1158044
337000,551.6852416992188,1729302300.8538065
337500,551.6926879882812,1729302332.6478064
338000,544.1788940429688,1729302364.4388046
338500,544.1788940429688,1729302396.0108042
339000,544.1788940429688,1729302427.7308064
339500,544.1788940429688,1729302459.3638062
340000,544.1788940429688,1729302491.1218042
340500,544.1788940429688,1729302522.7238064
341000,544.1788940429688,1729302554.2768064
341500,546.35302734375,1729302586.1928065
342000,546.35302734375,1729302617.7448063
342500,541.2767333984375,1729302649.5488067
343000,541.2767333984375,1729302681.1358066
343500,543.0442504882812,1729302712.8768065
344000,543.0442504882812,1729302744.4948065
344500,536.2369384765625,1729302776.1758044
345000,535.4840698242188,1729302807.9878066
345500,535.3943481445312,1729302839.6898067
346000,533.90576171875,1729302871.5128045
346500,533.90576171875,1729302903.0568054
347000,533.90576171875,1729302934.6148064
347500,533.90576171875,1729302966.3038065
348000,533.90576171875,1729302997.9258063
348500,533.90576171875,1729303029.585806
349000,542.336669921875,1729303061.3828075
349500,542.336669921875,1729303093.0408063
350000,542.9047241210938,1729303124.7518039
350500,541.0072631835938,1729303156.4728067
351000,541.0072631835938,1729303188.1288059
351500,541.0072631835938,1729303219.7938063
352000,541.0072631835938,1729303251.3928049
352500,541.0072631835938,1729303282.9578042
353000,541.0072631835938,1729303314.6318064
353500,541.0072631835938,1729303346.225806
354000,541.0072631835938,1729303377.948805
354500,541.0072631835938,1729303409.538806
355000,554.365966796875,1729303441.535806
355500,554.365966796875,1729303473.3588045
356000,540.735595703125,1729303505.8478072
356500,540.735595703125,1729303537.410807
357000,540.735595703125,1729303568.7798076
357500,540.735595703125,1729303600.3418067
358000,540.735595703125,1729303631.7418063
358500,540.735595703125,1729303663.4868045
359000,540.735595703125,1729303695.005804
359500,547.3488159179688,1729303726.7918043
360000,547.6411743164062,1729303758.6398067
360500,547.6411743164062,1729303790.1768048
361000,547.3334350585938,1729303821.9838052
361500,547.3334350585938,1729303853.5688045
362000,547.3334350585938,1729303885.1388063
362500,547.3334350585938,1729303916.9588063
363000,547.3334350585938,1729303948.6078038
363500,554.6779174804688,1729303980.4298062
364000,554.6779174804688,1729304011.962806
364500,554.6779174804688,1729304043.6358056
365000,554.6779174804688,1729304075.2378042
365500,554.6779174804688,1729304106.9778063
366000,558.519775390625,1729304139.0418043
366500,558.519775390625,1729304171.2068071
367000,558.519775390625,1729304203.0348055
367500,558.519775390625,1729304234.6088061
368000,558.519775390625,1729304266.3218064
368500,558.519775390625,1729304297.916806
369000,567.0809936523438,1729304329.8828044
369500,567.0809936523438,1729304361.4038048
370000,567.0809936523438,1729304393.1138058
370500,567.0809936523438,1729304424.801804
371000,567.0809936523438,1729304456.4548056
371500,567.0809936523438,1729304488.1658065
372000,567.0809936523438,1729304519.7648065
372500,575.3516845703125,1729304551.6958063
373000,575.3516845703125,1729304583.2038064
373500,568.329833984375,1729304615.222805
374000,568.2597045898438,1729304646.8978064
374500,553.0880126953125,1729304678.6478062
375000,546.5302734375,1729304710.3618066
375500,546.5302734375,1729304741.876805
376000,543.830322265625,1729304773.6308043
376500,543.830322265625,1729304805.2168064
377000,543.830322265625,1729304836.8738048
377500,543.830322265625,1729304868.6538043
378000,543.830322265625,1729304900.2918038
378500,543.830322265625,1729304932.0448065
379000,543.830322265625,1729304963.7048066
379500,552.0404663085938,1729304995.5658064
380000,552.0404663085938,1729305027.1118042
380500,552.0404663085938,1729305058.9268064
381000,552.0404663085938,1729305090.4498065
381500,554.7415161132812,1729305122.3648064
382000,554.7415161132812,1729305153.8878062
382500,556.2734375,1729305185.5548062
383000,556.2734375,1729305217.1158042
383500,556.2734375,1729305248.6208053
384000,556.2734375,1729305280.3248045
384500,558.9955444335938,1729305311.9918065
385000,558.9955444335938,1729305343.7708066
385500,558.9955444335938,1729305375.3428066
386000,558.9955444335938,1729305407.0078063
386500,558.9955444335938,1729305438.5848062
387000,558.9955444335938,1729305470.2608044
387500,567.351806640625,1729305502.0288048
388000,566.452392578125,1729305533.7958052
388500,566.3624877929688,1729305565.4388065
389000,566.3624877929688,1729305597.2588043
389500,566.3624877929688,1729305628.8488064
390000,566.3624877929688,1729305660.4328065
390500,566.3624877929688,1729305692.1598065
391000,566.3624877929688,1729305723.7348044
391500,566.3624877929688,1729305755.433805
392000,566.3624877929688,1729305787.0228066
392500,566.3624877929688,1729305818.8328063
393000,566.3624877929688,1729305850.449806
393500,577.8098754882812,1729305882.5118046
394000,569.5746459960938,1729305914.2718065
394500,569.5746459960938,1729305945.7708044
395000,569.5746459960938,1729305977.4248064
395500,569.5746459960938,1729306008.9508066
396000,569.5746459960938,1729306040.6378067
396500,569.5746459960938,1729306072.3918066
397000,575.477783203125,1729306104.0498047
397500,575.477783203125,1729306135.6808064
398000,575.477783203125,1729306167.2278066
398500,565.1985473632812,1729306199.0658064
399000,565.1985473632812,1729306230.5278065
399500,565.1985473632812,1729306262.1938066
400000,565.1985473632812,1729306293.8828056
400500,565.1985473632812,1729306325.5338047
401000,565.1985473632812,1729306357.1068048
401500,570.9688720703125,1729306389.0008063
402000,570.9688720703125,1729306420.5248048
402500,570.9688720703125,1729306452.1168065
403000,570.9688720703125,1729306483.6548045
403500,570.9688720703125,1729306515.3178043
404000,570.9688720703125,1729306547.1918066
404500,570.9688720703125,1729306578.7498045
405000,570.9688720703125,1729306610.4558063
405500,567.5940551757812,1729306642.2048042
406000,567.5940551757812,1729306673.8008063
406500,567.5940551757812,1729306705.3628063
407000,567.5940551757812,1729306737.0228066
407500,567.5940551757812,1729306768.6548045
408000,573.6395874023438,1729306800.6758063
408500,573.6395874023438,1729306832.1328056
409000,573.6395874023438,1729306863.6648064
409500,573.6395874023438,1729306895.3448055
410000,573.6395874023438,1729306926.9198062
410500,573.6395874023438,1729306958.6078064
411000,580.3259887695312,1729306990.2838063
411500,580.3259887695312,1729307022.061804
412000,574.22265625,1729307053.708805
412500,574.22265625,1729307085.1938062
413000,574.22265625,1729307116.8378048
413500,574.22265625,1729307148.4188063
414000,574.22265625,1729307180.100804
414500,574.22265625,1729307211.6688058
415000,574.22265625,1729307243.3198066
415500,574.22265625,1729307275.0078056
416000,574.22265625,1729307306.592805
416500,574.22265625,1729307338.2808063
417000,589.1962280273438,1729307370.1118052
417500,589.1962280273438,1729307401.7328064
418000,589.1962280273438,1729307433.2658057
418500,589.1962280273438,1729307464.8178062
419000,589.1962280273438,1729307496.6288047
419500,589.1962280273438,1729307528.1668065
420000,589.1962280273438,1729307559.867804
420500,597.5833740234375,1729307591.6238053
421000,597.5833740234375,1729307623.2408047
421500,597.5833740234375,1729307654.7518046
422000,598.900146484375,1729307686.545804
422500,592.4158325195312,1729307718.1568043
423000,589.7265014648438,1729307750.324805
423500,589.7265014648438,1729307781.7918065
424000,590.70458984375,1729307813.4968076
424500,589.8652954101562,1729307845.1968043
425000,589.8652954101562,1729307876.7658048
425500,583.1568603515625,1729307908.4928064
426000,583.1568603515625,1729307940.0378044
426500,583.1568603515625,1729307971.7718062
427000,583.1568603515625,1729308003.4428062
427500,583.1568603515625,1729308035.1298065
428000,589.8214721679688,1729308066.8098066
428500,589.8214721679688,1729308098.4188077
429000,589.8214721679688,1729308129.9548063
429500,589.8214721679688,1729308161.5518064
430000,589.8214721679688,1729308193.2328064
430500,589.8214721679688,1729308224.9538064
431000,589.8214721679688,1729308256.683807
431500,589.8214721679688,1729308288.2838063
432000,589.8214721679688,1729308320.0178063
432500,589.8214721679688,1729308351.604804
433000,596.046875,1729308383.429804
433500,596.046875,1729308415.0358062
434000,596.339599609375,1729308446.9008064
434500,596.339599609375,1729308478.6368067
435000,593.3945922851562,1729308510.295805
435500,593.3945922851562,1729308541.9948041
436000,579.898681640625,1729308573.698806
436500,578.5560913085938,1729308605.3698065
437000,578.5560913085938,1729308637.002805
437500,578.4223022460938,1729308668.6428063
438000,578.4223022460938,1729308700.4168067
438500,573.3593139648438,1729308732.1058064
439000,573.3593139648438,1729308763.7368064
439500,573.3593139648438,1729308795.3028047
440000,573.3593139648438,1729308827.0078065
440500,573.3593139648438,1729308858.5828042
441000,572.4261474609375,1729308890.3528047
441500,572.4261474609375,1729308921.9228048
442000,563.7066040039062,1729308953.6928046
442500,563.7066040039062,1729308985.318805
443000,563.7066040039062,1729309016.8468065
443500,563.7066040039062,1729309048.6518042
444000,563.7066040039062,1729309080.2768052
444500,556.05615234375,1729309111.9608047
445000,556.05615234375,1729309143.5578063
445500,556.05615234375,1729309175.2768064
446000,556.05615234375,1729309206.9908044
446500,556.05615234375,1729309238.5868073
447000,556.05615234375,1729309270.2648065
447500,564.9619140625,1729309302.1213293
448000,564.9619140625,1729309333.7883308
448500,565.0364379882812,1729309365.3983285
449000,565.0364379882812,1729309397.0583305
449500,565.0364379882812,1729309428.783331
450000,565.0364379882812,1729309460.3083308
450500,565.0364379882812,1729309492.0363302
451000,565.0364379882812,1729309523.6413307
451500,572.2117309570312,1729309555.5973299
452000,571.247314453125,1729309587.2403302
452500,571.247314453125,1729309618.8653283
453000,571.247314453125,1729309650.4433308
453500,571.247314453125,1729309682.193329
454000,571.247314453125,1729309713.8583295
454500,571.247314453125,1729309745.4563286
455000,578.90771484375,1729309777.4293306
455500,577.05615234375,1729309809.0423286
456000,577.05615234375,1729309840.5933287
456500,577.05615234375,1729309872.1053288
457000,577.05615234375,1729309903.7963288
457500,577.05615234375,1729309935.4693289
458000,577.05615234375,1729309967.046331
458500,577.05615234375,1729309998.7203307
459000,577.05615234375,1729310030.312331
459500,577.05615234375,1729310061.9773307
460000,577.05615234375,1729310093.5413306
460500,577.05615234375,1729310125.1773307
461000,591.19873046875,1729310157.2743292
461500,591.19873046875,1729310188.7873285
462000,591.19873046875,1729310220.4283292
462500,591.19873046875,1729310252.0573297
463000,591.19873046875,1729310283.8073308
463500,591.19873046875,1729310315.3953307
464000,598.11376953125,1729310347.067331
464500,598.11376953125,1729310378.9083288
465000,598.414306640625,1729310410.5993316
465500,598.414306640625,1729310442.2593284
466000,592.8157958984375,1729310473.9193285
466500,592.8157958984375,1729310505.502329
467000,592.8157958984375,1729310537.0603285
467500,592.8157958984375,1729310568.5963306
468000,592.8157958984375,1729310600.329329
468500,592.8157958984375,1729310632.063329
469000,592.8157958984375,1729310663.736331
469500,592.8157958984375,1729310695.3483303
470000,592.8157958984375,1729310727.0953305
470500,592.8157958984375,1729310758.7253313
471000,592.8157958984375,1729310790.3163307
471500,593.6094360351562,1729310822.2913308
472000,593.6094360351562,1729310853.9553306
472500,593.6094360351562,1729310885.6283286
473000,598.3756103515625,1729310917.3193285
473500,598.3756103515625,1729310948.90533
474000,598.3756103515625,1729310980.5193305
474500,598.3756103515625,1729311012.102331
475000,598.3756103515625,1729311043.7913284
475500,598.3756103515625,1729311075.3303313
476000,600.0425415039062,1729311107.2183292
476500,599.229248046875,1729311138.8903303
477000,599.229248046875,1729311170.4923294
477500,599.229248046875,1729311202.0423303
478000,598.7872314453125,1729311233.80833
478500,591.3651733398438,1729311265.4673285
479000,591.3651733398438,1729311297.0813286
479500,591.3651733398438,1729311328.6163309
480000,593.0202026367188,1729311360.377331
480500,586.47265625,1729311392.1033287
481000,586.47265625,1729311423.6263282
481500,586.47265625,1729311455.2823305
482000,586.47265625,1729311486.8273304
482500,586.47265625,1729311518.506331
483000,586.47265625,1729311550.1213284
483500,586.47265625,1729311581.8323307
484000,586.47265625,1729311613.489329
484500,586.47265625,1729311645.0493283
485000,586.47265625,1729311676.719329
485500,590.7991943359375,1729311708.606331
486000,590.7991943359375,1729311740.258329
486500,590.7991943359375,1729311771.821329
487000,591.2354125976562,1729311803.56433
487500,591.2354125976562,1729311835.3663282
488000,591.2354125976562,1729311866.9553308
488500,591.2354125976562,1729311898.5873284
489000,591.2354125976562,1729311930.1983287
489500,591.2354125976562,1729311961.831329
490000,600.0646362304688,1729311993.7113304
490500,592.5476684570312,1729312025.359331
491000,590.5479736328125,1729312057.2023308
491500,590.5479736328125,1729312088.691331
492000,590.5479736328125,1729312120.3413284
492500,590.5479736328125,1729312151.9383287
493000,590.5479736328125,1729312183.6983306
493500,590.5479736328125,1729312215.2033305
494000,589.7421264648438,1729312247.0063307
494500,589.7421264648438,1729312278.5153306
495000,589.7421264648438,1729312310.2953308
495500,585.0836181640625,1729312341.9373307
496000,585.0836181640625,1729312373.545329
496500,585.9463500976562,1729312405.145331
497000,585.9463500976562,1729312436.619331
497500,585.9463500976562,1729312468.3013284
498000,585.9463500976562,1729312499.8623285
498500,585.9463500976562,1729312531.54333
499000,585.9463500976562,1729312563.252329
499500,585.9463500976562,1729312594.9573283
500000,595.5361938476562,1729312626.7263288
500500,595.5361938476562,1729312658.268329
501000,595.5361938476562,1729312689.9003308
501500,595.5361938476562,1729312721.430329
502000,595.5361938476562,1729312753.0643306
502500,598.8594360351562,1729312784.8043306
503000,598.8594360351562,1729312816.433331
503500,598.8594360351562,1729312847.9663305
504000,598.8594360351562,1729312879.4823306
504500,598.8594360351562,1729312911.137331
505000,598.8594360351562,1729312942.6833308
505500,598.8594360351562,1729312974.3913305
506000,598.8594360351562,1729313005.9563296
506500,598.8594360351562,1729313037.573332
507000,598.8594360351562,1729313069.2433307
507500,598.8594360351562,1729313100.8573308
508000,598.8594360351562,1729313132.543329
508500,598.8594360351562,1729313164.1553285
509000,598.8594360351562,1729313195.884331
509500,598.8594360351562,1729313227.4883292
510000,598.8594360351562,1729313259.2853284
510500,621.9202880859375,1729313292.0667903
511000,621.9202880859375,1729313323.5857928
511500,622.8924560546875,1729313355.2697904
512000,622.8924560546875,1729313386.7917924
512500,622.8924560546875,1729313418.4187906
513000,618.9949951171875,1729313450.0507927
513500,618.9949951171875,1729313481.5527925
514000,618.9949951171875,1729313513.304793
514500,618.9949951171875,1729313544.8297908
515000,618.9949951171875,1729313576.5157912
515500,618.9949951171875,1729313608.0947928
516000,618.9949951171875,1729313639.8197904
516500,618.9949951171875,1729313671.3787906
517000,618.9949951171875,1729313703.066793
517500,618.9949951171875,1729313734.7887907
518000,618.9949951171875,1729313766.536793
518500,618.9949951171875,1729313798.1587927
519000,618.9949951171875,1729313829.7917912
519500,618.9949951171875,1729313861.5047927
520000,633.4287109375,1729313893.600793
520500,633.4287109375,1729313925.129793
521000,633.4287109375,1729313956.6857915
521500,633.4287109375,1729313988.5067925
522000,633.4287109375,1729314020.0677927
522500,633.4287109375,1729314051.7407904
523000,632.2720336914062,1729314083.4087927
523500,623.6322021484375,1729314115.1697907
524000,623.6322021484375,1729314146.6797903
524500,621.7431030273438,1729314178.399793
525000,622.638427734375,1729314210.0927908
525500,622.638427734375,1729314241.7377925
526000,622.638427734375,1729314273.3947928
526500,625.2941284179688,1729314305.0787933
527000,625.2941284179688,1729314336.7117927
527500,625.2941284179688,1729314368.2747912
528000,625.2941284179688,1729314399.9387903
528500,625.2941284179688,1729314431.5077927
529000,622.232177734375,1729314463.3307927
529500,622.232177734375,1729314494.9457905
530000,621.5558471679688,1729314526.5977921
530500,621.5558471679688,1729314558.1987927
531000,620.5626831054688,1729314589.9097903
531500,620.5626831054688,1729314621.569792
532000,621.5357666015625,1729314653.2477927
532500,621.5357666015625,1729314684.8487906
533000,623.5654907226562,1729314716.5507903
533500,623.5654907226562,1729314748.1417906
534000,623.5654907226562,1729314779.633791
534500,623.5654907226562,1729314811.1597924
535000,623.5654907226562,1729314842.8527927
535500,623.5654907226562,1729314874.4397924
536000,623.5654907226562,1729314906.1277928
536500,623.5654907226562,1729314937.8577929
537000,623.5654907226562,1729314969.4087925
537500,623.5654907226562,1729315001.155793
538000,638.6629028320312,1729315032.9667928
538500,638.6629028320312,1729315064.5647926
539000,638.6629028320312,1729315096.0747926
539500,641.5745239257812,1729315127.8227909
540000,641.5745239257812,1729315159.3147912
540500,634.1782836914062,1729315191.0387917
541000,634.1782836914062,1729315222.6767929
541500,634.1782836914062,1729315254.167792
542000,634.1782836914062,1729315285.8667903
542500,634.1782836914062,1729315317.4907918
543000,639.5812377929688,1729315349.296793
543500,639.5812377929688,1729315380.7877927
544000,639.5812377929688,1729315412.4867926
544500,639.5812377929688,1729315444.1027927
545000,639.5812377929688,1729315475.794793
545500,639.5812377929688,1729315507.4417906
546000,647.8855590820312,1729315539.264793
546500,647.8855590820312,1729315570.9017928
547000,636.4235229492188,1729315602.625791
547500,636.4235229492188,1729315634.298792
548000,636.4235229492188,1729315666.024793
548500,637.0023193359375,1729315697.8307908
549000,637.0023193359375,1729315729.3597908
549500,630.2516479492188,1729315761.1297905
550000,630.2516479492188,1729315792.6727908
550500,630.2516479492188,1729315824.398793
551000,632.0726318359375,1729315856.1057925
551500,632.0726318359375,1729315887.808793
552000,632.4111328125,1729315919.5517929
552500,632.4111328125,1729315951.256791
553000,632.4111328125,1729315982.8067927
553500,632.4111328125,1729316014.4887908
554000,632.4111328125,1729316046.0917916
554500,632.4111328125,1729316077.673793
555000,633.6851196289062,1729316109.492791
555500,627.676513671875,1729316141.4177928
556000,627.676513671875,1729316173.0727928
556500,627.676513671875,1729316204.6477928
557000,627.676513671875,1729316236.2907913
557500,627.676513671875,1729316267.838793
558000,627.676513671875,1729316299.4177933
558500,627.676513671875,1729316331.1647925
559000,627.676513671875,1729316362.7157922
559500,627.676513671875,1729316394.521791
560000,627.676513671875,1729316426.105791
560500,633.5339965820312,1729316458.0117927
561000,633.5339965820312,1729316489.5337927
561500,626.1890869140625,1729316521.2427921
562000,626.1890869140625,1729316552.8727925
562500,625.4947509765625,1729316584.4827926
563000,625.4947509765625,1729316616.2237928
563500,625.4947509765625,1729316647.820793
564000,625.4947509765625,1729316679.3537917
564500,625.4947509765625,1729316711.0157917
565000,625.4947509765625,1729316742.5747929
565500,634.1837768554688,1729316774.507791
566000,634.1837768554688,1729316806.0627906
566500,634.1837768554688,1729316837.7207928
567000,634.1837768554688,1729316869.4377904
567500,634.1837768554688,1729316901.0217936
568000,634.1837768554688,1729316932.6907916
568500,634.1837768554688,1729316964.283791
569000,644.3751220703125,1729316996.1857905
569500,644.3529663085938,1729317027.8327928
570000,644.3529663085938,1729317059.4377904
570500,644.3529663085938,1729317091.0277922
571000,646.1392211914062,1729317122.873793
571500,646.1392211914062,1729317154.369793
572000,638.2422485351562,1729317186.0207927
572500,638.2422485351562,1729317217.6567912
573000,638.2422485351562,1729317249.2287927
573500,638.2422485351562,1729317280.8907926
574000,638.2422485351562,1729317312.4767907
574500,642.11474609375,1729317344.2707915
575000,642.11474609375,1729317375.8607926
575500,641.9888305664062,1729317407.4897928
576000,641.9888305664062,1729317439.1647925
576500,641.9888305664062,1729317470.7297926
577000,642.8534545898438,1729317502.4147928
577500,640.20166015625,1729317534.1427913
578000,630.1677856445312,1729317566.0807927
578500,630.1677856445312,1729317597.701792
579000,630.1677856445312,1729317629.2587926
579500,630.1677856445312,1729317660.9227915
580000,630.1677856445312,1729317692.5327911
580500,630.1677856445312,1729317724.1937928
581000,630.1677856445312,1729317755.8477912
581500,638.608642578125,1729317787.5317903
582000,623.7594604492188,1729317819.429793
582500,627.0191040039062,1729317851.0887928
583000,627.0191040039062,1729317882.7067914
583500,626.5194091796875,1729317914.350793
584000,619.75634765625,1729317946.1017926
584500,619.75634765625,1729317977.5907931
585000,616.8304443359375,1729318009.3497908
585500,616.8304443359375,1729318040.8357909
586000,616.8304443359375,1729318072.471791
586500,616.8304443359375,1729318104.1047928
587000,616.8304443359375,1729318135.632792
587500,616.8304443359375,1729318167.2877903
588000,616.8304443359375,1729318198.8717933
588500,616.8304443359375,1729318230.5857925
589000,616.8304443359375,1729318262.2077928
589500,621.41357421875,1729318294.0947905
590000,621.41357421875,1729318325.711791
590500,612.1610107421875,1729318357.3667908
591000,612.1610107421875,1729318389.0587924
591500,612.1610107421875,1729318420.6317904
592000,612.1610107421875,1729318452.3337908
592500,612.1610107421875,1729318483.9427938
593000,612.1610107421875,1729318515.5367925
593500,613.2828369140625,1729318547.4777927
594000,613.2828369140625,1729318578.9517927
594500,613.2828369140625,1729318610.5777907
595000,613.2828369140625,1729318642.0697927
595500,613.2828369140625,1729318673.6937928
596000,613.2828369140625,1729318705.3357925
596500,613.2828369140625,1729318736.9737928
597000,613.2828369140625,1729318768.7067926
597500,613.2828369140625,1729318800.380792
598000,618.6190795898438,1729318832.348793
598500,617.069580078125,1729318864.0297928
599000,617.069580078125,1729318895.5997903
599500,617.069580078125,1729318927.2827928
600000,617.069580078125,1729318958.8567934
600500,617.069580078125,1729318990.553791
601000,617.069580078125,1729319022.2937913
601500,617.069580078125,1729319054.0057926
602000,601.0784301757812,1729319085.9277904
602500,601.0784301757812,1729319117.4717927
603000,601.0784301757812,1729319149.134791
603500,601.0784301757812,1729319180.684791
604000,601.0784301757812,1729319212.393791
604500,605.5309448242188,1729319244.0797908
605000,605.5149536132812,1729319275.792792
605500,605.5149536132812,1729319307.3757927
606000,605.5149536132812,1729319338.9007907
606500,605.5149536132812,1729319370.5557904
607000,605.5149536132812,1729319402.1827908
607500,605.5149536132812,1729319433.8657904
608000,611.9807739257812,1729319465.6337905
608500,613.6859130859375,1729319497.4327931
609000,613.6859130859375,1729319529.0547903
609500,613.6239013671875,1729319560.6987922
610000,613.6239013671875,1729319592.3127928
610500,615.3116455078125,1729319624.1037905
611000,615.3116455078125,1729319655.7717912
611500,615.5916137695312,1729319687.4767926
612000,608.8787231445312,1729319719.2387905
612500,608.8787231445312,1729319750.9127936
613000,608.8787231445312,1729319782.564791
613500,608.8787231445312,1729319814.1807926
614000,608.8787231445312,1729319845.7617915
614500,608.8787231445312,1729319877.4757907
615000,608.8787231445312,1729319909.0967932
615500,608.8787231445312,1729319940.8577914
616000,606.9013061523438,1729319972.7367918
616500,606.9013061523438,1729320004.3157916
617000,606.9013061523438,1729320035.9787927
617500,607.1632080078125,1729320067.6607926
618000,606.4764404296875,1729320099.395793
618500,606.4764404296875,1729320130.9067926
619000,606.0714111328125,1729320162.680791
619500,606.0714111328125,1729320194.2157905
620000,607.1887817382812,1729320226.0517929
620500,607.1887817382812,1729320257.5707922
621000,608.1647338867188,1729320289.4117904
621500,608.1647338867188,1729320320.9647927
622000,607.2776489257812,1729320352.7387927
622500,607.2776489257812,1729320384.2297904
623000,607.2776489257812,1729320415.788791
623500,607.2776489257812,1729320447.4187903
624000,607.2776489257812,1729320479.0517926
624500,607.4577026367188,1729320510.8187904
625000,605.5382690429688,1729320542.520791
625500,599.964111328125,1729320574.1997905
626000,599.964111328125,1729320605.7757928
626500,591.9293823242188,1729320637.417792
627000,590.8695068359375,1729320669.1527905
627500,590.8695068359375,1729320700.750791
628000,583.2889404296875,1729320732.4987926
628500,584.2661743164062,1729320764.1357927
629000,584.2661743164062,1729320795.7567909
629500,584.2661743164062,1729320827.3227928
630000,578.12451171875,1729320859.0387926
630500,578.12451171875,1729320890.5337908
631000,578.12451171875,1729320922.2207906
631500,581.3761596679688,1729320953.8867927
632000,566.3609619140625,1729320985.5437927
632500,566.3609619140625,1729321017.1577907
633000,566.3609619140625,1729321048.7307909
633500,566.3609619140625,1729321080.3497925
634000,566.3609619140625,1729321111.901792
634500,566.3609619140625,1729321143.603791
635000,566.3609619140625,1729321175.264791
635500,566.3609619140625,1729321206.9387927
636000,566.3609619140625,1729321238.6137905
636500,566.3609619140625,1729321270.195793
637000,566.3609619140625,1729321301.8967927
637500,574.921875,1729321333.7697928
638000,574.921875,1729321365.3377917
638500,574.921875,1729321396.8927908
639000,574.921875,1729321428.5137913
639500,574.921875,1729321460.1777909
640000,574.921875,1729321491.7557912
640500,574.921875,1729321523.435793
641000,583.1310424804688,1729321555.2937918
641500,583.1310424804688,1729321586.8897927
642000,583.1310424804688,1729321618.4257927
642500,583.1310424804688,1729321650.1207933
643000,583.1310424804688,1729321681.8487928
643500,583.1310424804688,1729321713.5587926
644000,583.1310424804688,1729321745.1537929
644500,583.1310424804688,1729321776.7607927
645000,583.1310424804688,1729321808.4217927
645500,583.1310424804688,1729321840.0057907
646000,583.1310424804688,1729321871.669792
646500,597.3243408203125,1729321903.5917926
647000,597.3243408203125,1729321935.1557908
647500,583.099365234375,1729321966.7877903
648000,583.099365234375,1729321998.2847927
648500,583.099365234375,1729322029.8937914
649000,581.7102661132812,1729322061.5347927
649500,581.7102661132812,1729322093.1367905
650000,576.0430908203125,1729322124.7927926
650500,576.0430908203125,1729322156.5207922
651000,576.0430908203125,1729322188.0577905
651500,576.0430908203125,1729322219.633793
652000,576.0430908203125,1729322251.3787928
652500,576.0430908203125,1729322282.9577925
653000,576.0430908203125,1729322314.6947904
653500,585.1443481445312,1729322346.4897928
654000,582.3181762695312,1729322378.3517926
654500,582.3181762695312,1729322409.8927913
655000,583.3094482421875,1729322441.6037905
655500,580.2256469726562,1729322473.3447907
656000,580.9345092773438,1729322505.0587904
656500,580.9345092773438,1729322536.7007914
657000,567.380859375,1729322568.3657906
657500,567.380859375,1729322600.0577931
658000,566.6659545898438,1729322631.8207927
658500,566.6659545898438,1729322663.5177908
659000,566.6659545898438,1729322695.1027923
659500,571.1060791015625,1729322726.8937907
660000,571.1060791015625,1729322758.4447908
660500,571.1060791015625,1729322790.1117907
661000,566.1950073242188,1729322821.7997923
661500,566.1950073242188,1729322853.5337918
662000,567.10888671875,1729322885.2067926
662500,567.1173706054688,1729322916.9507906
663000,567.1173706054688,1729322948.4887908
663500,567.1173706054688,1729322980.3117907
664000,567.1173706054688,1729323011.9857929
664500,567.1173706054688,1729323043.7377927
665000,565.9900512695312,1729323075.4077926
665500,565.9900512695312,1729323107.117791
666000,565.0505981445312,1729323138.7917924
666500,563.2184448242188,1729323170.5667903
667000,563.2184448242188,1729323202.1577926
667500,554.4702758789062,1729323233.932792
668000,547.773681640625,1729323265.622793
668500,547.773681640625,1729323297.1667905
669000,524.59130859375,1729323328.9307928
669500,524.59130859375,1729323360.5377927
670000,524.59130859375,1729323392.199791
670500,524.59130859375,1729323423.7827933
671000,524.59130859375,1729323455.5447927
671500,530.2996826171875,1729323487.2987926
672000,530.2996826171875,1729323518.8497908
672500,530.2996826171875,1729323550.6187909
673000,530.2996826171875,1729323582.3227906
673500,530.2996826171875,1729323614.1037927
674000,530.2996826171875,1729323645.7537904
674500,530.2996826171875,1729323677.4597926
675000,530.2996826171875,1729323709.1667926
675500,530.2996826171875,1729323740.7867904
676000,540.685546875,1729323772.6417925
676500,540.685546875,1729323804.319791
677000,540.685546875,1729323835.9947927
677500,540.685546875,1729323867.6567912
678000,540.685546875,1729323899.305793
678500,540.685546875,1729323931.0167909
679000,540.685546875,1729323962.5787928
679500,540.685546875,1729323994.1607926
680000,540.685546875,1729324025.8487928
680500,540.685546875,1729324057.5417907
681000,540.685546875,1729324089.2207928
681500,534.471923828125,1729324121.0597906
682000,534.471923828125,1729324152.514791
682500,534.471923828125,1729324184.1437926
683000,534.471923828125,1729324215.7427936
683500,534.471923828125,1729324247.3897927
684000,533.6771240234375,1729324279.0707927
684500,533.2216186523438,1729324310.9187927
685000,533.2216186523438,1729324342.4527926
685500,533.2216186523438,1729324373.9667907
686000,533.2216186523438,1729324405.666791
686500,533.2216186523438,1729324437.3397927
687000,538.8270874023438,1729324469.1207938
687500,538.8270874023438,1729324500.6297915
688000,538.8270874023438,1729324532.3407924
688500,538.8270874023438,1729324563.9437928
689000,538.8270874023438,1729324595.5847926
689500,544.4481201171875,1729324627.2647905
690000,541.3606567382812,1729324658.8937917
690500,535.6522827148438,1729324690.6567912
691000,533.9796142578125,1729324722.2897925
691500,533.9796142578125,1729324753.9597926
692000,533.9796142578125,1729324785.577791
692500,535.90234375,1729324817.302793
693000,535.90234375,1729324848.8417928
693500,535.90234375,1729324880.3617926
694000,536.8732299804688,1729324912.1567907
694500,536.8732299804688,1729324943.7007906
695000,536.57470703125,1729324975.4427905
695500,536.57470703125,1729325006.9657927
696000,522.513427734375,1729325038.7897933
696500,522.513427734375,1729325070.313791
697000,520.1647338867188,1729325102.1407926
697500,520.1647338867188,1729325133.656793
698000,520.1647338867188,1729325165.2087934
698500,514.501708984375,1729325197.0057914
699000,507.14703369140625,1729325228.6757927
699500,505.2457580566406,1729325260.6027927
700000,505.2457580566406,1729325292.190792
700500,505.2457580566406,1729325323.7217917
701000,505.2457580566406,1729325355.3857925
701500,505.2457580566406,1729325387.0727923
702000,505.2457580566406,1729325418.6367927
702500,511.52197265625,1729325450.561793
703000,509.6570129394531,1729325482.3377907
703500,506.81951904296875,1729325514.0717926
704000,506.81951904296875,1729325545.6827934
704500,506.8248291015625,1729325577.3387928
705000,497.75030517578125,1729325609.1057904
705500,497.0697021484375,1729325640.8187916
706000,482.5281982421875,1729325672.487792
706500,482.5281982421875,1729325704.1477942
707000,482.5281982421875,1729325735.776794
707500,482.5281982421875,1729325767.4077911
708000,482.5281982421875,1729325798.9927928
708500,482.5281982421875,1729325830.6817925
709000,489.7391662597656,1729325862.5457928
709500,487.92230224609375,1729325894.2357912
710000,479.2828369140625,1729325925.9417906
710500,479.2828369140625,1729325957.4947903
711000,479.2828369140625,1729325989.2587907
711500,479.2828369140625,1729326020.7907903
712000,479.2828369140625,1729326052.3867936
712500,479.2828369140625,1729326084.0717926
713000,479.2828369140625,1729326115.7207909
713500,479.2828369140625,1729326147.421791
714000,479.2828369140625,1729326178.9997928
714500,483.5645751953125,1729326210.9147904
715000,483.2176513671875,1729326242.7597907
715500,480.6463317871094,1729326274.376792
716000,480.6463317871094,1729326306.0027924
716500,480.6463317871094,1729326337.5337913
717000,480.6463317871094,1729326369.3097925
717500,480.6463317871094,1729326400.8597925
718000,480.6463317871094,1729326432.5817907
718500,480.6463317871094,1729326464.2997923
719000,480.6463317871094,1729326495.912793
719500,480.6463317871094,1729326527.605793
720000,491.6856689453125,1729326559.4177926
720500,481.941162109375,1729326591.3137927
721000,481.941162109375,1729326622.8727915
721500,481.941162109375,1729326654.6687925
722000,481.941162109375,1729326686.2247925
722500,481.941162109375,1729326718.0727909
723000,481.941162109375,1729326749.6907926
723500,481.941162109375,1729326781.3767927
724000,481.941162109375,1729326813.077793
724500,481.941162109375,1729326844.695791
725000,481.941162109375,1729326876.3677902
725500,481.941162109375,1729326908.0187924
726000,495.4905090332031,1729326940.0337903
726500,495.4905090332031,1729326971.5697925
727000,495.4905090332031,1729327003.2137926
727500,495.4905090332031,1729327034.936792
728000,495.4905090332031,1729327066.688791
728500,501.2265930175781,1729327098.5277927
729000,501.2265930175781,1729327130.0497928
729500,501.2265930175781,1729327161.6777906
730000,501.2265930175781,1729327193.3507926
730500,501.2265930175781,1729327225.0727925
731000,501.2265930175781,1729327256.7027926
731500,510.00726318359375,1729327288.5707927
732000,510.00726318359375,1729327320.1727905
732500,512.6279296875,1729327351.8657928
733000,512.6279296875,1729327383.4607918
733500,512.6279296875,1729327415.1417928
734000,512.6279296875,1729327446.8537924
734500,512.6279296875,1729327478.4107924
735000,511.8445739746094,1729327510.2747927
735500,511.8445739746094,1729327541.797793
736000,511.8445739746094,1729327573.4307928
736500,511.8445739746094,1729327604.9907908
737000,511.8445739746094,1729327636.559793
737500,518.0335083007812,1729327668.4587903
738000,516.5175170898438,1729327700.1047926
738500,516.5175170898438,1729327731.7237906
739000,516.5175170898438,1729327763.2547905
739500,516.5175170898438,1729327794.9937913
740000,516.5175170898438,1729327826.5967908
740500,516.5175170898438,1729327858.2167902
741000,516.5175170898438,1729327889.9007926
741500,526.2489013671875,1729327921.8147926
742000,526.2489013671875,1729327953.3767924
742500,527.1121826171875,1729327984.9857929
743000,527.1121826171875,1729328016.528791
743500,527.2273559570312,1729328048.2837903
744000,527.2273559570312,1729328079.783791
744500,515.9793701171875,1729328111.5737925
745000,515.9793701171875,1729328143.1997929
745500,515.9793701171875,1729328174.9057906
746000,515.9793701171875,1729328206.4527924
746500,515.9793701171875,1729328238.1277926
747000,515.9793701171875,1729328269.6907928
747500,515.9793701171875,1729328301.2617931
748000,515.9793701171875,1729328332.9207926
748500,525.1915893554688,1729328364.743792
749000,516.556396484375,1729328396.6107907
749500,516.556396484375,1729328428.2687902
750000,516.556396484375,1729328459.972793
750500,516.556396484375,1729328491.5847905
751000,516.556396484375,1729328523.1927912
751500,516.556396484375,1729328554.8747914
752000,516.556396484375,1729328586.4657924
752500,516.556396484375,1729328618.2117927
753000,516.556396484375,1729328649.8177927
753500,516.556396484375,1729328681.5227928
754000,518.3781127929688,1729328713.3297927
754500,519.166748046875,1729328745.080791
755000,519.166748046875,1729328776.5757906
755500,519.166748046875,1729328808.1967928
756000,511.8751220703125,1729328839.9137928
756500,511.8751220703125,1729328871.6617904
757000,515.44873046875,1729328903.3287928
757500,515.44873046875,1729328934.968793
758000,508.6455993652344,1729328966.6417909
758500,509.539794921875,1729328998.4127922
759000,509.539794921875,1729329029.8877914
759500,509.539794921875,1729329061.3727903
760000,509.539794921875,1729329093.0257914
760500,509.539794921875,1729329124.6037927
761000,509.539794921875,1729329156.3047926
761500,509.539794921875,1729329187.846793
762000,511.36767578125,1729329219.7617927
762500,511.36767578125,1729329251.2687905
763000,512.9776000976562,1729329282.8947928
763500,512.9776000976562,1729329314.5807908
764000,513.6607666015625,1729329346.3337927
764500,513.6607666015625,1729329377.9997914
765000,513.677734375,1729329409.6167927
765500,513.677734375,1729329441.1917908
766000,513.35498046875,1729329472.8307903
766500,513.2532958984375,1729329504.450791
767000,513.2532958984375,1729329536.0397904
767500,502.3848571777344,1729329567.6597939
768000,502.3848571777344,1729329599.30379
768500,500.453857421875,1729329630.9647927
769000,500.5486145019531,1729329662.706791
769500,500.0305480957031,1729329694.3417938
770000,500.0305480957031,1729329725.9197927
770500,501.07489013671875,1729329757.5767925
771000,498.4208679199219,1729329789.390794
771500,498.4208679199219,1729329820.9387927
772000,498.4208679199219,1729329852.4467914
772500,498.4208679199219,1729329884.1437926
773000,498.4208679199219,1729329915.7517924
773500,503.9349670410156,1729329947.5787919
774000,496.2554931640625,1729329979.1977928
774500,497.6483459472656,1729330010.9267926
775000,497.6483459472656,1729330042.4747906
775500,494.9190368652344,1729330074.5317914
776000,494.9190368652344,1729330106.0427928
776500,494.9190368652344,1729330137.607792
777000,494.9190368652344,1729330169.2577925
777500,494.9190368652344,1729330200.813793
778000,501.51519775390625,1729330232.6327915
778500,501.51519775390625,1729330264.1847916
779000,502.33331298828125,1729330296.0317929
779500,502.33331298828125,1729330327.5437906
780000,502.33331298828125,1729330359.0747929
780500,502.33331298828125,1729330390.6787927
781000,502.33331298828125,1729330422.2517915
781500,502.33331298828125,1729330453.9017928
782000,502.33331298828125,1729330485.4747927
782500,502.33331298828125,1729330517.1757925
783000,502.33331298828125,1729330551.6893206
783500,502.33331298828125,1729330583.5193207
784000,502.33331298828125,1729330615.426322
784500,518.7344970703125,1729330647.2543225
785000,518.7344970703125,1729330678.8393204
785500,517.1494140625,1729330710.5593197
786000,517.1494140625,1729330742.1353223
786500,517.1494140625,1729330773.709322
787000,516.71044921875,1729330805.856324
787500,516.71044921875,1729330839.3738565
788000,516.71044921875,1729330871.3448586
788500,516.71044921875,1729330903.8698816
789000,516.71044921875,1729330935.6388814
789500,516.71044921875,1729330967.8958836
790000,524.4021606445312,1729330999.8018832
790500,524.4021606445312,1729331031.544883
791000,524.4021606445312,1729331063.1708832
791500,524.4021606445312,1729331095.0418818
792000,524.4021606445312,1729331126.6898837
792500,524.4021606445312,1729331159.606394
793000,524.4021606445312,1729331191.5553935
793500,524.4021606445312,1729331223.4083917
794000,524.4021606445312,1729331255.4663932
794500,524.4021606445312,1729331287.1433935
795000,522.3587036132812,1729331319.1343913
795500,522.3587036132812,1729331350.760392
796000,522.3587036132812,1729331382.4303937
796500,522.3587036132812,1729331414.1963935
797000,522.3587036132812,1729331445.9323936
797500,522.3587036132812,1729331477.765394
798000,522.3587036132812,1729331509.5243912
798500,522.3587036132812,1729331541.2443936
799000,522.3587036132812,1729331573.0053935
799500,525.486083984375,1729331604.8333929
800000,525.486083984375,1729331636.5493913
800500,525.486083984375,1729331668.2433922
801000,512.830810546875,1729331700.1083915
801500,512.830810546875,1729331731.7773917
802000,513.775634765625,1729331763.7783935
802500,513.775634765625,1729331795.3563936
803000,513.775634765625,1729331826.947394
803500,513.775634765625,1729331858.6903918
804000,513.775634765625,1729331890.303394
804500,517.8719482421875,1729331922.225394
805000,517.8719482421875,1729331955.759393
805500,517.8719482421875,1729331989.9289925
806000,517.8719482421875,1729332022.965816
806500,517.8719482421875,1729332054.9728177
807000,517.8719482421875,1729332087.208816
807500,523.6368408203125,1729332119.920818
808000,523.6368408203125,1729332153.7038186
808500,523.6368408203125,1729332191.0189466
809000,516.8427124023438,1729332227.794947
809500,516.8427124023438,1729332263.9549458
810000,518.6519775390625,1729332301.0206783
810500,518.6519775390625,1729332337.2736816
811000,518.5831909179688,1729332374.0726817
811500,518.5831909179688,1729332410.7326808
812000,518.5831909179688,1729332447.7416816
812500,522.776611328125,1729332490.1455884
813000,522.776611328125,1729332526.1946237
813500,522.776611328125,1729332562.3576226
814000,525.4275512695312,1729332598.9806197
814500,525.4275512695312,1729332634.98462
815000,526.1657104492188,1729332671.80762
815500,526.1657104492188,1729332708.0736203
816000,526.1657104492188,1729332744.3116202
816500,526.911865234375,1729332781.42662
817000,526.911865234375,1729332817.5346186
817500,526.911865234375,1729332854.0376203
818000,526.911865234375,1729332890.7586434
818500,526.911865234375,1729332927.329058
819000,531.0136108398438,1729332960.557569
819500,527.3378295898438,1729332993.6546164
820000,527.3378295898438,1729333026.061799
820500,527.3378295898438,1729333058.9307988
821000,527.3378295898438,1729333091.5113246
821500,527.3378295898438,1729333124.1328342
822000,532.3546142578125,1729333156.9478576
822500,532.3865356445312,1729333189.5638592
823000,532.3865356445312,1729333221.9978578
823500,532.3865356445312,1729333254.4183898
824000,532.3865356445312,1729333286.8858988
824500,532.3865356445312,1729333319.3488991
825000,532.3865356445312,1729333351.5198975
825500,533.456298828125,1729333384.5288985
826000,533.456298828125,1729333417.1578984
826500,533.456298828125,1729333449.585932
827000,533.456298828125,1729333482.2649322
827500,533.456298828125,1729333514.9144447
828000,538.42431640625,1729333546.928443
828500,538.42431640625,1729333578.7614415
829000,538.42431640625,1729333610.7740612
829500,538.42431640625,1729333642.599441
830000,538.42431640625,1729333674.6854432
830500,538.42431640625,1729333706.5404434
831000,538.42431640625,1729333738.524443
831500,538.42431640625,1729333770.383442
832000,538.42431640625,1729333802.2424412
832500,538.42431640625,1729333834.1864414
833000,553.5093383789062,1729333866.3864412
833500,553.5093383789062,1729333898.4334407
834000,553.5093383789062,1729333930.277441
834500,553.5093383789062,1729333962.2264411
835000,553.5093383789062,1729333994.1194427
835500,553.5093383789062,1729334025.9674413
836000,560.1339111328125,1729334057.9884405
836500,560.1339111328125,1729334089.8134427
837000,560.1339111328125,1729334121.7134426
837500,560.1339111328125,1729334153.6214426
838000,560.1339111328125,1729334185.5654435
838500,567.8223876953125,1729334217.665441
839000,567.8223876953125,1729334249.4174414
839500,567.8223876953125,1729334281.3624437
840000,569.1116333007812,1729334313.402442
840500,562.52392578125,1729334345.485441
841000,562.52392578125,1729334377.3524418
841500,562.52392578125,1729334409.3084445
842000,551.817626953125,1729334441.346441
842500,551.817626953125,1729334473.1204429
843000,551.817626953125,1729334505.0344417
843500,551.817626953125,1729334536.8444405
844000,551.817626953125,1729334568.800441
844500,551.817626953125,1729334600.6554408
845000,544.4012451171875,1729334632.8044405
845500,544.4012451171875,1729334664.731445
846000,544.4012451171875,1729334696.5454426
846500,541.1466064453125,1729334728.696441
847000,541.1466064453125,1729334760.4074411
847500,541.1466064453125,1729334792.3394408
848000,541.1466064453125,1729334824.1404428
848500,541.1466064453125,1729334856.0384407
849000,541.1466064453125,1729334888.0124428
849500,541.1466064453125,1729334919.866441
850000,541.1466064453125,1729334951.8344407
850500,541.1466064453125,1729334983.7034433
851000,541.1466064453125,1729335015.5164406
851500,555.08984375,1729335047.7834423
852000,555.08984375,1729335079.5494428
852500,555.08984375,1729335111.4924428
853000,555.08984375,1729335144.1314428
853500,555.08984375,1729335176.6034427
854000,555.08984375,1729335208.4504428
854500,557.1011962890625,1729335240.5904424
855000,557.1011962890625,1729335272.3404427
855500,557.1011962890625,1729335304.117441
856000,552.378662109375,1729335336.174441
856500,551.7303466796875,1729335368.3054426
857000,551.6040649414062,1729335400.430442
857500,551.6040649414062,1729335432.1874404
858000,551.6040649414062,1729335464.1494412
858500,550.723876953125,1729335496.131443
859000,547.881591796875,1729335528.1774428
859500,546.1414184570312,1729335560.1284416
860000,545.22265625,1729335592.0704422
860500,543.180908203125,1729335624.3764405
861000,543.180908203125,1729335657.4354403
861500,543.180908203125,1729335689.2144427
862000,543.180908203125,1729335720.8354428
862500,543.180908203125,1729335752.5844417
863000,543.180908203125,1729335784.3064427
863500,543.180908203125,1729335816.409441
864000,543.180908203125,1729335848.2434428
864500,543.180908203125,1729335880.2394428
865000,557.5767822265625,1729335912.4524415
865500,557.5767822265625,1729335944.2184443
866000,557.5767822265625,1729335976.0924418
866500,557.5767822265625,1729336007.8844411
867000,557.5767822265625,1729336039.939443
867500,562.5464477539062,1729336072.0244427
868000,562.5464477539062,1729336103.8644426
868500,563.5194702148438,1729336135.9024422
869000,563.0733642578125,1729336167.9054427
869500,563.0733642578125,1729336199.8314407
870000,555.500244140625,1729336231.8274426
870500,555.500244140625,1729336265.1597881
871000,555.500244140625,1729336297.3067868
871500,555.500244140625,1729336329.4527867
872000,555.500244140625,1729336361.3477857
872500,555.500244140625,1729336393.3937879
873000,564.06103515625,1729336425.569787
873500,564.06103515625,1729336457.332788
874000,564.06103515625,1729336489.237788
874500,567.451171875,1729336521.4207854
875000,567.451171875,1729336553.3487859
875500,567.451171875,1729336585.180788
876000,567.451171875,1729336617.085786
876500,567.451171875,1729336649.032788
877000,567.451171875,1729336680.890786
877500,567.451171875,1729336712.867786
878000,576.4315185546875,1729336745.0007858
878500,576.4315185546875,1729336776.982787
879000,578.6181030273438,1729336808.9127877
879500,578.6181030273438,1729336840.614787
880000,579.341064453125,1729336872.648786
880500,579.341064453125,1729336904.429786
881000,579.341064453125,1729336936.2987878
881500,583.1735229492188,1729336968.308786
882000,573.969482421875,1729337000.4887857
882500,573.969482421875,1729337035.392809
883000,573.969482421875,1729337069.6208115
883500,573.969482421875,1729337103.0918105
884000,573.969482421875,1729337135.3368104
884500,573.969482421875,1729337167.0808113
885000,573.969482421875,1729337198.8148084
885500,573.969482421875,1729337230.6888099
886000,573.969482421875,1729337262.7608092
886500,573.969482421875,1729337295.8558102
887000,573.969482421875,1729337329.8718128
887500,573.969482421875,1729337363.4818082
888000,592.05419921875,1729337397.0728126
888500,592.006103515625,1729337431.8903208
889000,592.006103515625,1729337465.3523207
889500,579.4044189453125,1729337500.9808517
890000,579.3524169921875,1729337534.9498534
890500,580.316650390625,1729337566.7568536
891000,580.316650390625,1729337598.3128524
891500,568.1842651367188,1729337630.1398516
892000,568.1842651367188,1729337661.6658514
892500,570.73828125,1729337694.176857
893000,571.7122192382812,1729337726.855852
893500,571.7122192382812,1729337758.6078537
894000,557.3619995117188,1729337790.3748534
894500,557.3619995117188,1729337822.3258533
895000,557.3619995117188,1729337854.1878538
895500,557.3619995117188,1729337885.9368534
896000,557.3619995117188,1729337917.655852
896500,557.3619995117188,1729337949.4558532
897000,557.3619995117188,1729337981.3778517
897500,557.3619995117188,1729338013.6828535
898000,557.3619995117188,1729338046.2238533
898500,557.3619995117188,1729338078.1898532
899000,557.3619995117188,1729338110.066853
899500,557.3619995117188,1729338143.5188518
900000,557.3619995117188,1729338177.1038523
900500,557.3619995117188,1729338209.1218543
901000,572.2734375,1729338242.5313632
901500,572.2734375,1729338274.2573626
902000,564.5396728515625,1729338306.2723634
902500,564.5396728515625,1729338337.9733653
903000,565.6395263671875,1729338369.8033643
903500,558.1301879882812,1729338401.7703614
904000,558.1301879882812,1729338433.570363
904500,553.7354125976562,1729338465.5683632
905000,553.7354125976562,1729338497.2143617
905500,553.7354125976562,1729338529.0293622
906000,553.7354125976562,1729338561.0053623
906500,553.7354125976562,1729338592.9083638
907000,553.7354125976562,1729338624.6343617
907500,562.3212280273438,1729338656.7783635
908000,552.0464477539062,1729338688.7313614
908500,552.0464477539062,1729338720.4163616
909000,548.7341918945312,1729338752.4943633
909500,548.7341918945312,1729338784.7473636
910000,548.7097778320312,1729338816.8993633
910500,548.7097778320312,1729338848.5213628
911000,548.7097778320312,1729338880.2983634
911500,548.7097778320312,1729338912.034362
912000,548.7097778320312,1729338943.7333622
912500,548.7097778320312,1729338975.5343635
913000,548.7097778320312,1729339007.6083612
913500,548.7097778320312,1729339040.2403634
914000,548.7097778320312,1729339072.0383635
914500,548.7097778320312,1729339103.8593636
915000,548.7097778320312,1729339135.8193634
915500,548.7097778320312,1729339167.6723633
916000,555.1428833007812,1729339199.8763635
916500,555.174072265625,1729339231.6903634
917000,555.174072265625,1729339263.4453633
917500,543.1846313476562,1729339295.4343617
918000,541.8546752929688,1729339327.451362
918500,541.8546752929688,1729339359.3373613
919000,541.8546752929688,1729339391.0843625
919500,541.7809448242188,1729339423.0413628
920000,541.7809448242188,1729339454.7453609
920500,541.7809448242188,1729339486.5663633
921000,542.82763671875,1729339519.4098804
921500,542.82763671875,1729339551.4648788
922000,542.82763671875,1729339583.2888806
922500,542.82763671875,1729339616.4448805
923000,542.82763671875,1729339648.5608804
923500,549.6529541015625,1729339680.7818806
924000,549.6529541015625,1729339713.0758784
924500,550.6627197265625,1729339745.0338802
925000,550.6627197265625,1729339776.8758802
925500,542.2307739257812,1729339808.80888
926000,542.2307739257812,1729339840.613878
926500,542.2307739257812,1729339872.5148795
927000,542.2307739257812,1729339904.3438785
927500,542.2307739257812,1729339936.2078784
928000,547.6421508789062,1729339968.077879
928500,547.6421508789062,1729339999.8258812
929000,547.6421508789062,1729340031.5568786
929500,547.6421508789062,1729340063.3238802
930000,547.6421508789062,1729340095.193881
930500,547.6421508789062,1729340127.1348784
931000,547.6421508789062,1729340158.9948804
931500,547.6421508789062,1729340190.7448778
932000,547.6421508789062,1729340222.5638804
932500,547.6421508789062,1729340254.2968788
933000,559.9730834960938,1729340286.3238804
933500,558.9213256835938,1729340318.2648804
934000,558.9213256835938,1729340350.0268784
934500,558.88037109375,1729340382.0378788
935000,558.88037109375,1729340414.3648794
935500,558.88037109375,1729340446.128879
936000,561.6151733398438,1729340478.0278804
936500,559.6641845703125,1729340509.9388804
937000,559.6641845703125,1729340541.63888
937500,559.6641845703125,1729340573.4508786
938000,562.5067138671875,1729340605.3748784
938500,563.4552001953125,1729340638.5578787
939000,563.4552001953125,1729340673.865905
939500,562.4971313476562,1729340707.594907
940000,562.4971313476562,1729340741.7387183
940500,562.7119140625,1729340775.2187166
941000,562.7119140625,1729340810.6382716
941500,562.7119140625,1729340843.890275
942000,562.7119140625,1729340877.1592689
942500,562.7119140625,1729340910.2212708
943000,562.7119140625,1729340943.3912709
943500,571.2963256835938,1729340976.6971784
944000,571.2963256835938,1729341009.864179
944500,571.2963256835938,1729341043.2041793
945000,568.3973999023438,1729341076.581179
945500,568.9305419921875,1729341109.8796904
946000,567.95458984375,1729341148.0548658
946500,567.95458984375,1729341183.6661053
947000,569.4675903320312,1729341222.6008291
947500,569.4675903320312,1729341258.4769478
948000,573.056640625,1729341293.121791
948500,573.056640625,1729341325.777306
949000,573.056640625,1729341358.1239095
949500,573.056640625,1729341390.4767392
950000,573.056640625,1729341422.9987786
950500,573.056640625,1729341455.7549415
951000,574.7962646484375,1729341491.2129433
951500,572.8987426757812,1729341524.5319428
952000,572.8987426757812,1729341557.3690758
952500,554.5555419921875,1729341590.2810764
953000,551.8659057617188,1729341622.884078
953500,551.8659057617188,1729341655.8240774
954000,551.8659057617188,1729341690.266749
954500,551.8659057617188,1729341723.1833448
955000,546.7238159179688,1729341755.779478
955500,546.7238159179688,1729341788.1450121
956000,546.7238159179688,1729341819.8570101
956500,546.7238159179688,1729341851.4450104
957000,546.7238159179688,1729341883.16601
957500,546.7238159179688,1729341914.7680116
958000,546.7238159179688,1729341946.4550118
958500,546.7238159179688,1729341978.0370116
959000,546.7238159179688,1729342009.7150116
959500,546.6395263671875,1729342041.6400106
960000,546.6395263671875,1729342073.2080119
960500,546.6395263671875,1729342104.730012
961000,535.9337158203125,1729342136.639012
961500,533.4779052734375,1729342168.3170135
962000,533.4779052734375,1729342199.801012
962500,533.4779052734375,1729342231.4400105
963000,533.4779052734375,1729342263.0290115
963500,533.4779052734375,1729342294.8160107
964000,533.4779052734375,1729342326.4160097
964500,538.3195190429688,1729342358.2340114
965000,538.3195190429688,1729342389.7270122
965500,538.3195190429688,1729342421.2780106
966000,538.3195190429688,1729342452.9730122
966500,538.3195190429688,1729342484.58001
967000,537.9141845703125,1729342516.4410102
967500,537.9141845703125,1729342548.0380101
968000,537.9141845703125,1729342579.6960104
968500,534.0540161132812,1729342611.395012
969000,534.0540161132812,1729342643.022012
969500,534.0540161132812,1729342674.5600104
970000,534.0540161132812,1729342706.2510126
970500,534.0540161132812,1729342738.8690104
971000,534.0540161132812,1729342773.0357254
971500,538.5569458007812,1729342805.7547271
972000,536.7217407226562,1729342838.301725
972500,536.7809448242188,1729342870.8057277
973000,536.7809448242188,1729342902.887728
973500,536.7809448242188,1729342935.055725
974000,534.8350219726562,1729342967.4277272
974500,534.8350219726562,1729342999.7167275
975000,534.8350219726562,1729343032.015726
975500,534.8350219726562,1729343064.1777248
976000,534.8350219726562,1729343096.4197276
976500,534.8350219726562,1729343128.5637274
977000,539.787841796875,1729343161.2217252
977500,537.796630859375,1729343193.5027275
978000,535.984375,1729343225.7177255
978500,535.984375,1729343257.9387274
979000,530.094970703125,1729343290.1657274
979500,530.094970703125,1729343322.3397274
980000,530.094970703125,1729343354.5547273
980500,532.7914428710938,1729343386.8737276
981000,532.7914428710938,1729343419.095725
981500,527.7970581054688,1729343451.5537271
982000,527.7970581054688,1729343483.7637262
982500,527.7970581054688,1729343515.9517252
983000,527.7970581054688,1729343548.0837276
983500,527.7970581054688,1729343580.1617277
984000,534.5037231445312,1729343612.5227277
984500,526.4069213867188,1729343644.6857276
985000,526.4069213867188,1729343676.7977266
985500,526.4069213867188,1729343708.8247254
986000,526.4069213867188,1729343741.1307259
986500,526.0032958984375,1729343773.402725
987000,526.0032958984375,1729343805.6697276
987500,511.85015869140625,1729343837.9117274
988000,511.85015869140625,1729343869.899727
988500,511.85015869140625,1729343902.1487277
989000,511.85015869140625,1729343934.292728
989500,511.85015869140625,1729343966.5327275
990000,511.85015869140625,1729343998.653727
990500,511.85015869140625,1729344030.806727
991000,511.85015869140625,1729344063.1017256
991500,511.85015869140625,1729344095.2377274
992000,511.85015869140625,1729344127.4277272
992500,519.3718872070312,1729344159.9147274
993000,511.6056823730469,1729344192.227729
993500,511.6056823730469,1729344224.3507273
994000,511.6056823730469,1729344256.5517273
994500,511.6056823730469,1729344288.694725
995000,511.6056823730469,1729344320.7747252
995500,511.6056823730469,1729344352.9217272
996000,516.3485717773438,1729344385.1557279
996500,517.3394165039062,1729344417.495728
997000,517.3394165039062,1729344449.7207274
997500,517.3394165039062,1729344481.7627265
998000,516.7066650390625,1729344514.0037277
998500,516.7066650390625,1729344546.1077251
999000,509.1971435546875,1729344579.3527274
999500,505.85369873046875,1729344611.2987268
1000000,505.85369873046875,1729344642.9237266
